Date,APA,AXP,BAC,C,CMS,COF,CSCO,DAL,DUK,EQIX,F,GE,GS,IBM,JPM,KEY,KR,MS,NFLX,PFE,PNC,PRU,REGN,SCHW,TFC,USB,WFC,WMT,XOM
2025-01-02,22.760255813598633,296.7448425292969,44.01225280761719,68.90799713134766,65.51885986328125,178.1796112060547,58.310691833496094,58.926395416259766,106.83121490478516,939.3456420898438,9.21022891998291,168.2769012451172,572.1329345703125,217.04013061523438,237.30516052246094,16.774999618530273,61.63798904418945,122.96855926513672,886.72998046875,25.687196731567383,187.87074279785156,116.83879852294922,714.2720947265625,73.36006927490234,42.28185272216797,47.29374313354492,69.46408081054688,89.53704071044922,106.35865020751953
2025-01-03,22.799198150634766,302.0771484375,44.52899169921875,69.95234680175781,65.59764099121094,179.8944854736328,58.46963119506836,58.856563568115234,106.79158020019531,955.0042114257812,9.42974853515625,171.64065551757812,577.2675170898438,219.71438598632812,240.54833984375,17.08125877380371,61.16033172607422,124.11172485351562,881.0499877929688,25.667888641357422,192.03277587890625,117.69827270507812,717.2283325195312,73.96610260009766,43.03322219848633,48.28191375732422,70.57249450683594,90.31302642822266,106.90377807617188
2025-01-06,23.032835006713867,300.8811340332031,45.115291595458984,71.66667175292969,64.42572784423828,182.97532653808594,58.38022994995117,59.894039154052734,105.39451599121094,935.1375122070312,9.467926025390625,172.12974548339844,580.511474609375,219.734130859375,239.3755645751953,17.170169830322266,60.324424743652344,126.77252197265625,881.7899780273438,25.957483291625977,191.99351501464844,117.2043228149414,715.3407592773438,73.99591064453125,43.03322219848633,48.15345001220703,71.28504943847656,90.95968627929688,106.78483581542969
2025-01-07,23.032835006713867,301.0206604003906,45.7910270690918,72.59280395507812,64.71131896972656,181.35015869140625,58.53916931152344,61.03126525878906,105.83047485351562,935.2071533203125,9.315216064453125,171.99000549316406,577.257568359375,221.0071258544922,241.6813507080078,16.982465744018555,58.85164260864258,125.0380630493164,879.1900024414062,26.18916130065918,191.18858337402344,117.73779296875,729.3627319335938,71.79033660888672,42.906368255615234,48.12380599975586,70.84959411621094,90.3428726196289,107.785888671875
2025-01-08,23.052305221557617,301.8479309082031,45.92021179199219,72.17900085449219,65.29235076904297,179.6053466796875,58.807376861572266,61.27067947387695,107.23745727539062,946.1204223632812,9.296128273010254,172.5689239501953,577.1580810546875,220.23739624023438,241.6416015625,16.903430938720703,58.612815856933594,126.00384521484375,875.0,25.928525924682617,191.10023498535156,116.99686431884766,732.6485595703125,72.52552795410156,42.8868522644043,47.9459342956543,70.82980346679688,91.32778930664062,105.98202514648438
2025-01-10,23.052305221557617,292.3294982910156,44.827110290527344,70.34645080566406,64.10073852539062,174.76974487304688,58.35042953491211,66.7872314453125,104.89910125732422,895.1753540039062,9.21022891998291,171.37115478515625,557.2368774414062,216.85263061523438,238.40155029296875,16.518138885498047,58.83173751831055,121.6578598022461,837.6900024414062,25.793380737304688,185.5443115234375,113.14405822753906,695.985595703125,72.2970199584961,41.74515151977539,46.81942367553711,69.2364501953125,92.5216064453125,105.5954818725586
2025-01-13,23.733749389648438,296.0372009277344,44.77742385864258,71.69622802734375,64.00225830078125,179.79478454589844,58.37029266357422,64.94173431396484,105.16661834716797,894.9962768554688,9.267495155334473,171.2513885498047,560.1723022460938,214.5336151123047,242.71499633789062,16.814517974853516,59.1999397277832,122.19002532958984,840.2899780273438,25.870603561401367,188.8916015625,114.88275909423828,715.9799194335938,72.187744140625,42.07693099975586,47.81747055053711,69.80055236816406,91.05917358398438,108.32109832763672
2025-01-14,24.1912899017334,299.36614990234375,45.4929084777832,72.41545867919922,64.5635986328125,184.17176818847656,58.93651580810547,66.12884521484375,105.87010955810547,893.4443359375,9.334304809570312,176.53155517578125,568.7099609375,214.87899780273438,245.9550323486328,17.268962860107422,59.627838134765625,122.81088256835938,828.4000244140625,25.494131088256836,192.11131286621094,116.1867904663086,689.9833374023438,71.86981964111328,42.84782028198242,48.47954559326172,70.4537353515625,90.32298278808594,108.7472915649414
2025-01-15,24.775386810302734,311.2865905761719,46.804630279541016,77.11507415771484,65.59764099121094,190.1140594482422,59.58220291137695,65.34076690673828,105.4737777709961,895.3543701171875,9.496557235717773,179.95516967773438,602.9302368164062,217.12893676757812,250.80516052246094,17.92099380493164,58.40383529663086,128.65480041503906,848.260009765625,25.310718536376953,198.37612915039062,118.60713958740234,702.5272216796875,73.18124389648438,44.29201889038086,50.29777526855469,75.16449737548828,90.87014770507812,110.52142333984375
2025-01-16,24.48333740234375,310.4493713378906,46.34751510620117,77.3515396118164,66.9862060546875,187.88072204589844,59.42326354980469,66.01911163330078,108.0598373413086,915.131591796875,9.553823471069336,179.4062042236328,609.9653930664062,219.72425842285156,252.71340942382812,17.624616622924805,58.33417892456055,133.8384246826172,842.3699951171875,25.57135581970215,194.5162811279297,116.96723175048828,692.3402709960938,75.01921844482422,43.891937255859375,47.46173095703125,75.16449737548828,90.83036041259766,110.33309936523438
2025-01-17,23.753219604492188,311.5257873535156,46.23820495605469,78.8096923828125,67.04530334472656,190.40321350097656,59.830543518066406,65.65998840332031,108.25801086425781,910.8538208007812,9.716076850891113,182.51043701171875,622.8515014648438,221.826171875,257.573486328125,18.079063415527344,58.07544708251953,135.8685302734375,858.0999755859375,25.3879451751709,196.4956817626953,117.5698471069336,680.7052612304688,75.91336822509766,46.497352600097656,47.78782653808594,76.28282165527344,91.46707153320312,111.32423400878906
2025-01-21,23.071775436401367,316.8979797363281,46.36738967895508,80.46490478515625,67.261962890625,192.63656616210938,60.625240325927734,68.17385864257812,109.75415802001953,929.1685791015625,9.954684257507324,187.15179443359375,631.6080322265625,221.30316162109375,261.4197692871094,17.427030563354492,58.752132415771484,135.3068084716797,869.6799926757812,25.716154098510742,196.51548767089844,118.8145980834961,686.917236328125,80.40399169921875,46.731544494628906,48.73646926879883,77.04485321044922,92.60120391845703,110.48177337646484
2025-01-22,22.983226776123047,321.1837158203125,45.502845764160156,80.48461151123047,65.5877914428711,200.33364868164062,61.22126007080078,67.61521911621094,107.8220443725586,920.4439086914062,9.572912216186523,188.01019287109375,629.6079711914062,220.31634521484375,261.2309265136719,17.091135025024414,58.47349548339844,134.0256805419922,953.989990234375,25.108001708984375,194.2787628173828,115.929931640625,679.1572875976562,80.07612609863281,45.87282943725586,48.05463409423828,76.7380599975586,92.75043487548828,108.55896759033203
2025-01-23,23.130807876586914,324.791748046875,46.099082946777344,80.77033233642578,64.85904693603516,203.42445373535156,61.81727981567383,67.28601837158203,108.33727264404297,936.0626831054688,9.69698715209961,200.42709350585938,636.3446044921875,223.0596923828125,264.3219299316406,17.259082794189453,58.284420013427734,135.79954528808594,984.8599853515625,25.523090362548828,195.61485290527344,115.47550201416016,693.74853515625,81.5465087890625,45.628875732421875,47.856998443603516,76.62920379638672,93.32744598388672,109.17347717285156
2025-01-24,22.943870544433594,320.2767333984375,46.228267669677734,80.27771759033203,64.81964874267578,202.92593383789062,61.81727981567383,67.01667785644531,108.85250854492188,935.9830932617188,9.65881061553955,196.38461303710938,633.7574462890625,221.83604431152344,263.21868896484375,17.466548919677734,58.413787841796875,135.81927490234375,977.5900268554688,25.601593017578125,197.47549438476562,115.89041900634766,674.9226684570312,81.29814147949219,45.86307144165039,48.48942565917969,76.52033996582031,94.27256774902344,107.69668579101562
2025-01-27,23.00290298461914,315.373046875,46.79469299316406,79.8737564086914,66.16883087158203,201.90895080566406,58.688175201416016,67.60523986816406,111.58719635009766,895.4439086914062,9.906962394714355,194.098876953125,630.1553344726562,221.17489624023438,264.2225341796875,17.44679069519043,60.18510818481445,134.66622924804688,971.8900146484375,26.357179641723633,200.8009033203125,119.06156921386719,683.8312377929688,81.99359130859375,46.458316802978516,48.9538688659668,77.13392639160156,96.89897918701172,109.19329833984375
2025-01-28,22.96354866027832,315.990966796875,46.546260833740234,78.76043701171875,64.61284637451172,202.51715087890625,59.035850524902344,67.48553466796875,110.2892074584961,902.1192016601562,9.620634078979492,194.0689239501953,634.6529541015625,222.68470764160156,265.504638671875,17.43691062927246,60.075645446777344,136.52880859375,971.8300170898438,26.249237060546875,199.6429443359375,119.71358489990234,685.4491577148438,81.16898345947266,46.12654113769531,47.866878509521484,77.07453918457031,96.78954315185547,107.08218383789062
2025-01-29,22.806129455566406,314.2068786621094,46.456825256347656,79.44024658203125,64.7704086303711,203.3048095703125,59.15505599975586,68.26364135742188,109.60553741455078,903.5318603515625,9.744709014892578,198.73025512695312,634.2350463867188,225.6155548095703,264.9480285644531,17.456668853759766,60.76228332519531,136.6963348388672,978.1500244140625,26.121671676635742,200.09820556640625,120.84967041015625,686.3880004882812,81.52664184570312,46.29242706298828,47.09611129760742,77.55948638916016,96.99846649169922,107.70659637451172
2025-01-30,22.61919403076172,317.8946533203125,46.4270133972168,80.652099609375,65.1938705444336,204.0126953125,60.06895446777344,68.4032974243164,111.23049926757812,917.3599853515625,9.69698715209961,205.18824768066406,642.5139770507812,254.86473083496094,266.58795166015625,17.81232452392578,60.74237823486328,137.90847778320312,973.239990234375,26.40624237060547,199.98934936523438,120.40511322021484,682.203369140625,83.05663299560547,46.858402252197266,47.43208694458008,78.00482177734375,98.14254760742188,108.59861755371094
2025-01-31,21.576290130615234,316.3996276855469,46.009647369384766,80.22844696044922,64.99691009521484,203.10540771484375,60.198089599609375,67.10646057128906,110.96296691894531,908.9337768554688,9.620634078979492,203.19195556640625,637.2401733398438,252.32862854003906,265.66363525390625,17.76292610168457,61.33945083618164,137.328125,976.760009765625,26.023544311523438,198.88087463378906,119.29866790771484,672.1162719726562,82.18235778808594,46.468074798583984,47.21468734741211,77.98503112792969,97.65507507324219,105.8829116821289
2025-02-03,21.123708724975586,315.482666015625,45.92021179199219,78.97844696044922,65.46961975097656,200.31370544433594,60.63517379760742,66.3183822631836,112.16187286376953,910.266845703125,9.439292907714844,203.73094177246094,629.249755859375,257.2923278808594,265.1766357421875,17.259082794189453,63.02121353149414,136.06825256347656,978.9400024414062,25.70953369140625,195.60496520996094,117.45130157470703,665.994140625,82.212158203125,45.755733489990234,46.31545639038086,77.33185577392578,99.0279769897461,106.1406021118164
2025-02-04,22.028871536254883,314.78497314453125,46.417076110839844,77.85741424560547,65.17417907714844,199.5260467529297,60.93318557739258,68.89210510253906,111.39894104003906,919.4988403320312,9.69698715209961,201.8045196533203,631.0508422851562,260.97314453125,266.2997131347656,17.73328971862793,63.66804504394531,135.6813507080078,994.8699951171875,25.385711669921875,196.93115234375,116.52266693115234,696.1553955078125,81.26834106445312,46.233882904052734,46.88859558105469,78.64810180664062,100.25164031982422,108.98516082763672
2025-02-05,21.83209800720215,319.46942138671875,46.81456756591797,78.82962799072266,66.09989166259766,203.17518615722656,62.155025482177734,68.89210510253906,112.81582641601562,931.6556396484375,9.553823471069336,204.2000732421875,642.2652587890625,259.8283996582031,268.77447509765625,17.634496688842773,65.10102081298828,137.8241424560547,1011.1099853515625,25.94504165649414,196.8420867919922,112.67974090576172,715.8001098632812,81.33787536621094,46.51686477661133,46.81942367553711,79.22210693359375,101.93295288085938,108.90586853027344
2025-02-06,21.29096794128418,319.0906677246094,47.440616607666016,81.67686462402344,67.29150390625,206.02670288085938,61.857017517089844,67.75487518310547,113.46976470947266,933.4861450195312,8.83800220489502,205.6773223876953,654.97216796875,250.0984344482422,275.2048645019531,17.73328971862793,64.59351348876953,139.95704650878906,1015.6799926757812,25.346460342407227,200.3456268310547,112.14627838134766,721.143310546875,83.09637451171875,46.98525619506836,47.17516326904297,80.57792663574219,102.3209457397461,107.46871948242188
2025-02-07,21.320484161376953,315.72186279296875,47.10274887084961,81.07170867919922,67.65586853027344,202.6068878173828,61.857017517089844,67.9743423461914,113.93545532226562,928.4423828125,8.818913459777832,204.89877319335938,652.6636962890625,249.01292419433594,274.1116027832031,17.624616622924805,64.68306732177734,138.8657989501953,1013.9299926757812,25.25814437866211,198.6532440185547,111.45475006103516,709.0888061523438,82.63936614990234,46.5266227722168,46.67119598388672,80.22984313964844,100.62969207763672,107.92464447021484
2025-02-10,22.61919403076172,309.2333984375,46.377323150634766,80.08956146240234,68.12858581542969,198.1999969482422,62.393436431884766,66.02909088134766,114.53986358642578,938.2612915039062,8.818913459777832,204.83888244628906,647.3201904296875,247.62220764160156,269.3807373046875,17.298601150512695,64.96170043945312,136.217041015625,1027.5999755859375,25.385711669921875,195.24867248535156,110.73358154296875,689.4739990234375,80.64242553710938,46.00944519042969,46.325340270996094,78.66841125488281,102.39058685302734,109.9862060546875
2025-02-11,22.934032440185547,308.5456848144531,46.49657440185547,80.46654510498047,68.39447021484375,198.68853759765625,62.01595687866211,64.59259033203125,115.619873046875,938.7587280273438,8.790281295776367,208.4322052001953,644.04638671875,253.01629638671875,273.3065490722656,17.347997665405273,64.73282623291016,136.69322204589844,1008.0800170898438,25.05207633972168,197.16868591308594,110.28903198242188,664.60595703125,82.65923309326172,46.19485092163086,47.026939392089844,79.20545959472656,101.94290161132812,110.68000030517578
2025-02-12,22.00919532775879,305.38616943359375,45.92021179199219,80.6252670288086,68.49295806884766,195.9566650390625,62.115291595458984,66.16874694824219,115.30281066894531,930.3623657226562,8.809369087219238,209.25067138671875,645.7977294921875,254.11895751953125,273.7637634277344,17.387514114379883,65.47917175292969,136.01864624023438,1027.31005859375,24.99319839477539,193.57606506347656,109.46907043457031,663.0079956054688,81.74520874023438,45.25807189941406,46.928123474121094,78.81758880615234,103.07703399658203,107.3499984741211
2025-02-13,22.12725830078125,306.4825439453125,46.039459228515625,81.44868469238281,68.75885009765625,196.72439575195312,63.416603088378906,63.90426254272461,112.90499114990234,918.2254638671875,8.923901557922363,207.97305297851562,645.7479858398438,257.47662353515625,274.62841796875,17.268962860107422,65.30999755859375,135.75079345703125,1043.68994140625,25.160017013549805,193.41770935058594,110.55577087402344,673.4046630859375,81.03982543945312,45.33613586425781,46.82930374145508,78.41976928710938,104.50962829589844,108.12999725341797
2025-02-14,22.766773223876953,310.0108337402344,46.66550827026367,83.93877410888672,68.29534912109375,201.55999755859375,64.43977355957031,65.23103332519531,111.5999984741211,928.7706298828125,9.04797649383545,207.8832244873047,657.2907104492188,259.55279541015625,274.8967590332031,17.506065368652344,65.12999725341797,137.843994140625,1058.5999755859375,25.05207633972168,191.9133758544922,110.20999908447266,672.7354736328125,80.08289337158203,46.1947021484375,47.18504333496094,79.54360961914062,103.50482940673828,108.23999786376953
2025-02-18,23.189838409423828,311.8148498535156,46.23820495605469,83.9586181640625,69.01988983154297,202.8000030517578,64.16162872314453,64.18357849121094,110.88999938964844,927.0794677734375,9.156394958496094,209.6898651123047,668.873291015625,261.33099365234375,278.2362060546875,17.743167877197266,65.26000213623047,139.58999633789062,1035.8499755859375,25.081514358520508,194.49649047851562,111.79000091552734,679.1272583007812,81.21925354003906,46.98418426513672,47.37279510498047,80.33924102783203,103.24616241455078,110.13999938964844
2025-02-19,23.209516525268555,308.89453125,45.72146224975586,83.27409362792969,69.62532806396484,209.82000732421875,64.40996551513672,64.88188171386719,111.79000091552734,934.2222900390625,9.205676078796387,210.1090850830078,664.853271484375,262.5727233886719,277.5404968261719,17.81232452392578,65.44999694824219,139.5701446533203,1043.3299560546875,25.405336380004883,192.2102813720703,111.66000366210938,684.7799682617188,81.74755859375,46.905235290527344,46.562496185302734,79.91159057617188,103.46502685546875,110.30000305175781
2025-02-20,23.239032745361328,302.85455322265625,45.01591873168945,80.69471740722656,70.17121124267578,205.3699951171875,64.24109649658203,63.59501647949219,113.16000366210938,935.38623046875,9.25495719909668,208.35235595703125,639.0910034179688,262.98992919921875,265.16668701171875,17.367755889892578,64.38999938964844,133.27069091796875,1024.5400390625,25.415149688720703,189.91416931152344,111.12999725341797,696.02001953125,81.56813049316406,46.03680419921875,46.206756591796875,78.20097351074219,96.70995330810547,112.0
2025-02-21,22.422420501708984,294.4225769042969,44.52899169921875,79.01812744140625,70.9552993774414,200.1999969482422,63.5556755065918,59.85413360595703,115.55000305175781,914.922607421875,9.146538734436035,199.45889282226562,622.5131225585938,259.7514953613281,262.62237548828125,16.725603103637695,65.05999755859375,130.64178466796875,1003.1500244140625,25.807661056518555,186.11370849609375,109.5,700.3300170898438,80.18257904052734,45.059818267822266,45.32728576660156,77.07714080810547,94.29244995117188,110.69000244140625
2025-02-24,22.501131057739258,294.5521545410156,44.18118667602539,77.91693115234375,71.58059692382812,199.9199981689453,62.82058334350586,61.34051513671875,115.91999816894531,904.307861328125,9.215532302856445,198.3409881591797,623.050537109375,260.1388854980469,259.7401123046875,16.567535400390625,64.87999725341797,128.9354705810547,988.469970703125,26.15110969543457,185.03494262695312,110.51000213623047,713.25,79.86360168457031,44.744022369384766,45.07036590576172,76.79866790771484,93.18816375732422,111.2699966430664
2025-02-25,22.019031524658203,292.369384765625,43.66444396972656,77.52010345458984,72.53341674804688,193.91000366210938,63.84375,61.6397819519043,117.29000091552734,901.969970703125,9.284525871276855,198.89993286132812,611.8759155273438,256.046142578125,255.82423400878906,16.46874237060547,65.47000122070312,128.56842041015625,977.239990234375,26.239423751831055,184.5499725341797,111.0999984741211,723.469970703125,78.74718475341797,44.556522369384766,45.36681365966797,75.5853271484375,97.18749237060547,109.7300033569336
2025-02-26,21.655000686645508,295.1202697753906,43.66444396972656,78.4427261352539,72.65251159667969,196.77000427246094,63.65501403808594,61.55000305175781,116.30999755859375,910.280029296875,9.333806991577148,201.235595703125,614.7218017578125,254.1487579345703,257.20574951171875,16.656448364257812,63.79999923706055,130.0068817138672,990.0599975585938,25.9254150390625,185.0943145751953,111.91999816894531,706.9400024414062,78.4481430053711,44.744022369384766,45.208709716796875,76.03286743164062,95.70515441894531,109.45999908447266
2025-02-27,20.09064483642578,293.2265625,43.84331512451172,78.24431610107422,71.79894256591797,196.97999572753906,63.386802673339844,59.75,115.88999938964844,910.3800048828125,9.156394958496094,201.05592346191406,605.0,251.55601501464844,257.4641418457031,16.774999618530273,63.93000030517578,128.21128845214844,963.0700073242188,25.611406326293945,186.6184539794922,112.75,702.780029296875,78.17900848388672,45.10915756225586,45.73243713378906,76.20194244384766,96.29212188720703,110.1500015258789
2025-02-28,20.366130828857422,299.96417236328125,45.81089782714844,79.31574249267578,72.5036392211914,200.5500030517578,63.684814453125,60.119998931884766,117.48999786376953,904.6199951171875,9.4126558303833,206.59561157226562,622.2899780273438,250.771240234375,263.02984619140625,17.11089515686035,64.81999969482422,132.05047607421875,980.5599975585938,25.93522834777832,189.94384765625,115.0999984741211,698.739990234375,79.2754898071289,45.740745544433594,46.3451042175293,77.89266204833984,98.1027603149414,111.33000183105469
2025-03-03,18.5853214263916,294.51226806640625,45.274288177490234,76.55780029296875,73.5060806274414,196.17999267578125,63.058990478515625,58.45000076293945,118.66999816894531,910.5800170898438,9.25495719909668,201.58494567871094,605.260009765625,248.53611755371094,259.0245361328125,16.774999618530273,62.88999938964844,128.1021728515625,973.7000122070312,25.75859832763672,187.53887939453125,113.4800033569336,684.8699951171875,77.87000274658203,44.83283996582031,45.69291305541992,76.60970306396484,97.08799743652344,107.76000213623047
2025-03-04,18.270483016967773,282.53204345703125,42.402408599853516,71.77603912353516,72.32498168945312,184.89999389648438,62.840450286865234,54.689998626708984,116.41000366210938,910.0399780273438,8.988840103149414,198.40086364746094,581.1400146484375,251.53616333007812,248.718017578125,16.239999771118164,63.18000030517578,120.75114440917969,972.5800170898438,25.26795768737793,178.59194946289062,109.58999633789062,675.489990234375,74.90950775146484,43.184791564941406,44.08219528198242,72.90005493164062,94.48147583007812,107.54000091552734
2025-03-05,18.240968704223633,283.23968505859375,42.02479553222656,72.38119506835938,71.8386459350586,185.9499969482422,63.53580856323242,56.77000045776367,115.2300033569336,921.02001953125,9.51121711730957,202.12393188476562,593.0700073242188,249.68846130371094,249.99017333984375,16.260000228881836,62.529998779296875,122.76498413085938,990.9199829101562,25.45440101623535,178.61175537109375,110.69000244140625,687.1500244140625,76.49441528320312,42.5433349609375,44.141483306884766,73.75536346435547,95.48628997802734,105.44000244140625
2025-03-06,18.447580337524414,274.72796630859375,41.19999694824219,70.02008056640625,71.10417938232422,176.1300048828125,62.98945617675781,54.959999084472656,114.83999633789062,871.9000244140625,9.471792221069336,195.6859130859375,567.6699829101562,247.04603576660156,245.0307159423828,15.930000305175781,63.779998779296875,118.41985321044922,906.3599853515625,25.7487850189209,177.1370849609375,110.13999938964844,698.4400024414062,75.31819152832031,41.68477249145508,43.85491943359375,72.25360107421875,94.1531753540039,107.62000274658203
2025-03-07,18.536128997802734,272.3059997558594,41.400001525878906,69.90103149414062,72.53341674804688,173.1699981689453,63.51593780517578,53.279998779296875,116.73999786376953,859.52001953125,9.757621765136719,193.49000549316406,559.6699829101562,259.81109619140625,240.7967987060547,15.729999542236328,66.69999694824219,118.34048461914062,891.1099853515625,26.229612350463867,177.91896057128906,111.23999786376953,707.510009765625,74.39116668701172,41.63542556762695,44.190895080566406,70.66233825683594,91.24819946289062,109.0199966430664
2025-03-10,18.713226318359375,260.4553527832031,39.83000183105469,66.87522888183594,73.45645904541016,163.8699951171875,61.64841079711914,50.33000183105469,118.5,830.6300048828125,9.81675910949707,192.1199951171875,531.6599731445312,255.20175170898438,230.79840087890625,15.15999984741211,67.72000122070312,110.80097961425781,866.6799926757812,26.14129638671875,172.8120880126953,106.33999633789062,744.8300170898438,71.01201629638672,39.839351654052734,41.86869812011719,66.4156265258789,87.3682632446289,111.80000305175781
2025-03-11,18.890323638916016,254.54495239257812,39.61000061035156,66.96451568603516,71.5408935546875,165.39999389648438,60.26762390136719,46.68000030517578,117.69999694824219,836.239990234375,9.550642013549805,191.72000122070312,531.4299926757812,247.30430603027344,227.73724365234375,15.15999984741211,66.55000305175781,111.148193359375,895.0999755859375,25.503463745117188,168.30894470214844,105.58000183105469,718.1599731445312,72.23808288574219,39.385398864746094,41.06828308105469,66.91290283203125,86.9902114868164,109.16000366210938
2025-03-12,19.333065032958984,259.88720703125,39.90999984741211,67.41094207763672,70.64762115478516,170.4499969482422,60.05902099609375,45.29999923706055,116.63999938964844,854.989990234375,9.452080726623535,195.0,535.7100219726562,247.97982788085938,226.5048370361328,15.479999542236328,64.98999786376953,113.09259033203125,919.6799926757812,25.22870635986328,169.24916076660156,106.08999633789062,689.5,73.98248291015625,39.31631851196289,41.18686294555664,68.55390167236328,84.76173400878906,109.12999725341797
2025-03-13,18.7329044342041,255.58151245117188,39.66999816894531,66.6966552734375,71.3423843383789,166.1199951171875,59.27425765991211,43.91999816894531,118.20999908447266,833.9500122070312,9.392943382263184,192.4199981689453,524.8099975585938,244.17514038085938,223.81143188476562,15.149999618530273,66.0999984741211,110.79106140136719,890.1699829101562,25.120765686035156,167.10150146484375,105.04000091552734,680.6099853515625,73.2747573852539,38.96105194091797,40.43585205078125,68.08646392822266,84.0653305053711,108.66999816894531
2025-03-14,19.293710708618164,264.7510681152344,40.88999938964844,68.23435974121094,72.2257308959961,171.8699951171875,60.0987548828125,46.75,120.12000274658203,837.6799926757812,9.590066909790039,197.11000061035156,541.4099731445312,246.70828247070312,231.0170440673828,15.680000305175781,65.0999984741211,114.42192077636719,918.0,25.23851776123047,171.2087860107422,108.48999786376953,666.8699951171875,76.86323547363281,40.01698684692383,41.5228385925293,70.46342468261719,84.91095733642578,111.9000015258789
2025-03-17,19.70693588256836,263.5052185058594,41.439998626708984,69.38516235351562,72.71206665039062,165.25999450683594,60.486167907714844,46.88999938964844,120.80999755859375,857.25,9.777335166931152,202.02999877929688,551.3400268554688,251.29774475097656,232.49790954589844,15.800000190734863,66.38999938964844,117.02107238769531,950.02001953125,25.562341690063477,172.2083740234375,110.29000091552734,678.4199829101562,77.5211181640625,40.510414123535156,41.680946350097656,70.45347595214844,87.0101089477539,113.76000213623047
2025-03-18,19.844676971435547,261.8507080078125,41.650001525878906,69.66293334960938,72.95027160644531,168.77999877929688,59.900081634521484,45.91999816894531,120.76000213623047,841.260009765625,9.806902885437012,200.7899932861328,551.780029296875,245.31753540039062,233.53155517578125,15.850000381469727,65.98999786376953,117.16987609863281,929.97998046875,25.817474365234375,171.56507873535156,109.73999786376953,664.9600219726562,77.3117904663086,40.31304168701172,41.779762268066406,70.72200775146484,85.14972686767578,113.63999938964844
2025-03-19,20.474353790283203,269.75445556640625,42.209999084472656,70.87326049804688,73.15869903564453,172.60000610351562,60.71464157104492,47.75,119.30999755859375,855.3300170898438,10.023738861083984,205.57000732421875,557.3400268554688,250.62222290039062,237.64620971679688,16.049999237060547,65.4800033569336,118.89602661132812,959.489990234375,25.719345092773438,172.04013061523438,110.62000274658203,672.3599853515625,78.4780502319336,40.72752380371094,42.17502975463867,72.36300659179688,85.88592529296875,115.41000366210938
2025-03-20,20.23822593688965,269.9338684082031,42.47999954223633,71.250244140625,73.13885498046875,174.47000122070312,60.21795654296875,46.95000076293945,120.16000366210938,851.719970703125,9.866040229797363,203.92999267578125,562.6799926757812,241.71153259277344,237.54681396484375,16.09000015258789,64.72000122070312,119.51109313964844,950.8400268554688,25.699722290039062,171.62445068359375,110.77999877929688,662.6199951171875,78.31856536865234,40.78673553466797,42.105857849121094,72.12430572509766,85.36859130859375,115.9000015258789
2025-03-21,20.2775821685791,269.61492919921875,42.470001220703125,71.40897369384766,72.95027160644531,174.82000732421875,59.900081634521484,46.77000045776367,119.0999984741211,834.5900268554688,9.856184005737305,204.1300048828125,565.1400146484375,242.2578887939453,240.15078735351562,16.149999618530273,65.4000015258789,119.1837158203125,960.2899780273438,25.788036346435547,171.8223876953125,110.2699966430664,658.47998046875,78.1391372680664,40.87554931640625,42.33313751220703,72.12430572509766,85.77262115478516,115.5
2025-03-24,20.50387191772461,276.9405822753906,43.06999969482422,73.45262908935547,72.59296417236328,180.86000061035156,60.56563949584961,48.880001068115234,118.1500015258789,852.4400024414062,10.102588653564453,210.22999572753906,580.0999755859375,246.8076171875,246.5414276123047,16.56999969482422,65.4000015258789,123.28084564208984,971.989990234375,25.65065574645996,174.7222137451172,113.23999786376953,661.0,79.70411682128906,41.59595489501953,43.242252349853516,73.87471008300781,87.27897644042969,115.80000305175781
2025-03-25,20.553064346313477,278.35589599609375,43.279998779296875,73.87921905517578,71.50119018554688,182.44000244140625,60.585506439208984,48.66999816894531,116.08000183105469,841.219970703125,10.142013549804688,212.1300048828125,585.9400024414062,248.24803161621094,249.59263610839844,16.56999969482422,64.33999633789062,124.20343780517578,997.280029296875,25.071701049804688,175.05873107910156,114.36000061035156,634.1400146484375,80.49158477783203,41.44792556762695,43.18296432495117,73.83492279052734,84.5555648803711,116.58999633789062
2025-03-26,20.75967788696289,275.0867614746094,42.81999969482422,72.65897369384766,72.76168823242188,179.8300018310547,61.390132904052734,48.06999969482422,117.11000061035156,831.0499877929688,10.151869773864746,207.3699951171875,573.9199829101562,248.68511962890625,249.4932403564453,16.399999618530273,66.02999877929688,121.2273178100586,970.6500244140625,24.738065719604492,175.0983123779297,115.58999633789062,640.1400146484375,79.88353729248047,41.42818832397461,43.25213623046875,73.06912994384766,85.00447845458984,118.2699966430664
2025-03-27,20.858064651489258,271.11993408203125,42.560001373291016,71.27999877929688,72.60289001464844,178.14999389648438,60.9927864074707,46.150001525878906,117.6500015258789,825.3099975585938,9.757621765136719,205.8800048828125,558.9199829101562,244.58242797851562,246.60104370117188,16.170000076293945,66.13999938964844,118.05279541015625,976.719970703125,24.541810989379883,173.1683807373047,114.41000366210938,635.8300170898438,79.34526824951172,40.85581588745117,42.71852111816406,71.8856201171875,85.4234619140625,117.88999938964844
2025-03-28,20.58258056640625,264.6015930175781,41.25,69.77206420898438,73.62518310546875,173.52999877929688,60.45636749267578,43.84000015258789,119.41000366210938,803.0,9.580211639404297,199.8800048828125,543.1199951171875,242.3870391845703,241.3633270263672,15.800000190734863,66.72000122070312,114.4120101928711,933.8499755859375,24.738065719604492,170.11021423339844,110.06999969482422,637.3599853515625,77.56098937988281,39.92816925048828,41.7599983215332,70.3042984008789,84.94462585449219,117.7300033569336
2025-03-31,20.68096923828125,268.1597595214844,41.72999954223633,70.42682647705078,74.54823303222656,179.3000030517578,61.30072784423828,43.599998474121094,121.97000122070312,815.3499755859375,9.88575267791748,200.14999389648438,546.2899780273438,247.0162353515625,243.79832458496094,15.989999771118164,67.69000244140625,115.74134063720703,932.530029296875,24.865633010864258,173.9601593017578,111.68000030517578,634.22998046875,78.02948760986328,40.609100341796875,42.220001220703125,71.3982925415039,87.57825469970703,118.93000030517578
2025-04-01,20.78919219970703,269.5850524902344,41.4900016784668,69.98040008544922,74.5780029296875,178.22000122070312,61.390132904052734,42.41999816894531,121.06999969482422,816.9500122070312,9.797046661376953,203.7899932861328,548.4500122070312,248.68511962890625,242.16836547851562,15.800000190734863,68.13999938964844,114.81874084472656,928.3800048828125,24.080610275268555,172.84178161621094,111.69000244140625,617.0,77.42144012451172,40.48080825805664,41.77000045776367,70.92091369628906,88.6157455444336,119.04000091552734
2025-04-02,20.897418975830078,274.3392333984375,41.849998474121094,71.19071960449219,74.10160064697266,182.17999267578125,61.40999984741211,43.369998931884766,120.38999938964844,831.5499877929688,10.004026412963867,199.77000427246094,563.0999755859375,248.32749938964844,244.3151397705078,16.06999969482422,67.2699966430664,118.32064056396484,935.52001953125,24.237613677978516,175.1873779296875,112.70999908447266,625.5999755859375,78.33849334716797,41.013710021972656,43.0099983215332,71.86573028564453,89.54350280761719,118.66999816894531
2025-04-03,17.45387077331543,247.00001525878906,37.220001220703125,62.5498161315918,74.94523620605469,164.0399932861328,57.310001373291016,38.709999084472656,124.05000305175781,801.4400024414062,9.402799606323242,187.6300048828125,511.2300109863281,241.8804168701172,227.29000854492188,14.119999885559082,70.73999786376953,107.07090759277344,917.0499877929688,23.835289001464844,159.62924194335938,104.79000091552734,610.6400146484375,74.63040924072266,36.553123474121094,38.790000915527344,65.31168365478516,87.0495376586914,112.43000030517578
2025-04-04,14.935161590576172,233.67999267578125,34.38999938964844,57.668846130371094,72.14633178710938,150.57000732421875,54.540000915527344,37.25,118.93000030517578,766.2100219726562,9.442224502563477,166.80999755859375,470.80999755859375,225.9762420654297,210.27999877929688,13.470000267028809,67.18000030517578,99.03538513183594,855.8599853515625,22.53999900817871,151.52357482910156,96.52999877929688,573.4500122070312,68.83899688720703,34.332698822021484,36.83000183105469,60.64727783203125,82.98934936523438,104.33999633789062
2025-04-07,14.718709945678711,234.27999877929688,35.58000183105469,58.38313293457031,70.409423828125,154.6699981689453,54.40999984741211,37.290000915527344,116.86000061035156,747.739990234375,9.1071138381958,167.6999969482422,465.510009765625,224.2874755859375,214.44000244140625,13.510000228881836,66.45999908447266,100.11669921875,867.8300170898438,22.206363677978516,151.23655700683594,95.77999877929688,572.780029296875,69.81586456298828,34.678096771240234,36.79999923706055,61.83078384399414,83.6278076171875,102.94000244140625
2025-04-08,13.803709983825684,231.38999938964844,35.029998779296875,58.303768157958984,69.66503143310547,152.35000610351562,53.189998626708984,35.880001068115234,115.94999694824219,740.0700073242188,8.565023422241211,169.3699951171875,462.2200012207031,219.56887817382812,216.8699951171875,13.229999542236328,66.37000274658203,99.51155853271484,870.4000244140625,21.431154251098633,148.21795654296875,95.12000274658203,556.8099975585938,69.70621490478516,34.46098709106445,36.400001525878906,61.741275787353516,81.59272766113281,100.7699966430664
2025-04-09,16.44048309326172,262.3599853515625,37.150001525878906,63.641090393066406,70.59799194335938,174.91000366210938,58.130001068115234,44.27000045776367,116.30999755859375,797.4299926757812,9.363374710083008,187.27000427246094,516.8699951171875,233.7544708251953,234.33999633789062,14.520000457763672,65.83000183105469,110.81089782714844,945.469970703125,22.068984985351562,158.5801544189453,103.91000366210938,576.719970703125,75.00918579101562,37.490638732910156,39.29999923706055,65.96808624267578,89.3838882446289,105.80000305175781
2025-04-10,14.364516258239746,246.88999938964844,35.849998474121094,61.10139846801758,71.01486206054688,162.16000366210938,56.59000015258789,39.36000061035156,116.83999633789062,770.739990234375,9.008552551269531,181.50999450683594,489.79998779296875,228.03256225585938,227.11000061035156,13.739999771118164,67.9000015258789,105.73165130615234,921.1699829101562,21.185832977294922,150.59326171875,98.4800033569336,546.3900146484375,73.61366271972656,35.17152404785156,37.25,62.765655517578125,90.39144897460938,99.93000030517578
2025-04-11,14.797419548034668,251.1300048828125,35.95000076293945,61.1510009765625,71.2828369140625,160.97000122070312,57.33000183105469,40.880001068115234,118.94000244140625,776.8300170898438,9.195819854736328,181.6699981689453,494.44000244140625,233.92335510253906,236.1999969482422,13.729999542236328,68.22000122070312,107.2593994140625,918.2899780273438,21.49984359741211,150.4250030517578,98.83000183105469,554.1799926757812,76.71371459960938,34.92481231689453,37.86000061035156,62.16892623901367,92.576171875,103.13999938964844
2025-04-14,14.954838752746582,255.3800048828125,36.66999816894531,62.718467712402344,72.98004150390625,162.52000427246094,57.40999984741211,40.29999923706055,120.5999984741211,783.8699951171875,9.570354461669922,186.0,503.9800109863281,237.4796905517578,234.72000122070312,14.0600004196167,69.08000183105469,108.24151611328125,931.280029296875,21.70591163635254,153.72071838378906,101.43000030517578,571.0599975585938,76.67384338378906,35.704429626464844,38.20000076293945,62.755706787109375,94.50151824951172,103.38999938964844
2025-04-15,14.649839401245117,257.8599853515625,37.9900016784668,63.819664001464844,72.16617584228516,163.5399932861328,57.20000076293945,40.83000183105469,120.48999786376953,787.489990234375,9.314093589782715,185.6699981689453,507.8900146484375,239.1088409423828,233.1300048828125,14.25,68.13999938964844,109.56092834472656,976.280029296875,22.019922256469727,153.7899932861328,100.2300033569336,557.9099731445312,76.94297790527344,36.010353088378906,38.630001068115234,64.18785095214844,93.74334716796875,103.0999984741211
2025-04-16,15.12209701538086,252.9199981689453,37.33000183105469,61.60734939575195,71.63021850585938,160.05999755859375,55.7599983215332,40.59000015258789,120.3499984741211,778.6799926757812,9.264812469482422,182.4499969482422,499.04998779296875,236.99293518066406,229.61000061035156,14.069999694824219,69.01000213623047,107.00146484375,961.6300048828125,21.627410888671875,151.5399932861328,98.62000274658203,549.280029296875,75.4577407836914,35.52679443359375,37.81999969482422,63.63090896606445,90.97005462646484,104.19000244140625
2025-04-17,15.850162506103516,251.30999755859375,37.40999984741211,62.74822998046875,72.36468505859375,162.77000427246094,55.7599983215332,40.849998474121094,121.80000305175781,790.1500244140625,9.49150562286377,181.7899932861328,509.489990234375,237.23133850097656,231.9600067138672,14.270000457763672,71.22000122070312,108.31095886230469,973.030029296875,21.725536346435547,152.3300018310547,99.47000122070312,563.1599731445312,75.90631103515625,35.42810821533203,38.20000076293945,64.35692596435547,92.99515533447266,106.91999816894531
2025-04-21,15.25,242.50999450683594,36.91999816894531,62.19266891479492,71.56073760986328,165.16000366210938,54.369998931884766,39.470001220703125,120.16999816894531,773.2000122070312,9.333806991577148,178.35000610351562,501.3599853515625,234.65846252441406,228.99000549316406,13.789999961853027,72.30999755859375,105.45388793945312,987.9099731445312,21.627410888671875,150.1300048828125,96.87000274658203,561.489990234375,74.71014404296875,34.845863342285156,37.810001373291016,63.66074752807617,92.1871109008789,105.3499984741211
2025-04-22,15.859999656677246,252.4199981689453,38.31999969482422,64.03791809082031,73.14877319335938,170.1999969482422,55.040000915527344,40.34000015258789,122.52999877929688,791.1199951171875,9.51121711730957,189.17999267578125,519.989990234375,239.30752563476562,235.58999633789062,14.170000076293945,72.9800033569336,109.50140380859375,1040.3399658203125,22.10823631286621,154.4499969482422,100.20999908447266,585.489990234375,76.33493041992188,35.86232376098633,39.0,65.86863708496094,94.62122344970703,108.30000305175781
2025-04-23,15.649999618530273,260.1400146484375,38.75,65.77403259277344,72.95027160644531,176.4600067138672,55.630001068115234,41.400001525878906,121.41999816894531,809.4600219726562,9.639348030090332,193.67999267578125,529.3099975585938,243.8572540283203,240.8800048828125,14.520000457763672,72.0,111.4160385131836,1049.5899658203125,21.970855712890625,157.41000366210938,101.58999633789062,587.8499755859375,77.60086822509766,36.65180969238281,39.5099983215332,67.56930541992188,94.73095703125,107.37000274658203
2025-04-24,16.260000228881836,267.32000732421875,39.58000183105469,67.61927795410156,73.58547973632812,185.0500030517578,56.290000915527344,42.02000045776367,120.69999694824219,817.1900024414062,9.915321350097656,197.41000366210938,545.3699951171875,227.8140106201172,244.63999938964844,14.869999885559082,71.3499984741211,114.67985534667969,1096.8699951171875,22.353557586669922,159.75,104.02999877929688,599.760009765625,79.12596893310547,37.40182113647461,40.04999923706055,69.18045806884766,95.60883331298828,108.62999725341797
2025-04-25,16.350000381469727,264.80999755859375,39.689998626708984,67.88713836669922,71.64014434814453,182.72999572753906,56.709999084472656,41.58000183105469,119.8499984741211,838.0999755859375,9.895608901977539,198.42999267578125,544.8599853515625,230.8736572265625,243.5500030517578,14.720000267028809,70.0,115.08659362792969,1101.530029296875,22.490936279296875,158.4600067138672,102.9000015258789,602.6400146484375,79.6841812133789,37.17483901977539,39.91999816894531,69.34954071044922,94.86064147949219,108.56999969482422
2025-04-28,16.549999237060547,264.95001220703125,39.779998779296875,67.73832702636719,71.9676742553711,183.1300048828125,56.84000015258789,41.959999084472656,120.66999816894531,844.6799926757812,9.875897407531738,200.86000061035156,546.4000244140625,234.59886169433594,243.22000122070312,14.869999885559082,70.37000274658203,114.90802764892578,1110.3800048828125,22.618501663208008,159.64999389648438,103.61000061035156,610.8599853515625,79.92340850830078,37.836036682128906,40.18000030517578,69.0511703491211,94.9903335571289,108.62999725341797
2025-04-29,16.239999771118164,267.0199890136719,39.9900016784668,68.33356475830078,73.07929229736328,183.0800018310547,57.34000015258789,42.08000183105469,121.69999694824219,851.6500244140625,10.004026412963867,200.5,548.9199829101562,237.80751037597656,244.6199951171875,14.9399995803833,71.37999725341797,115.28499603271484,1125.6400146484375,23.344650268554688,160.60000610351562,104.02999877929688,568.9099731445312,80.99995422363281,38.25051498413086,40.5,70.7120590209961,95.80835723876953,108.36000061035156
